timestamp,unit_id,unit_type,empire_or_resistance,location_x,location_y,destination_x,destination_y,homeworld
2025-07-08 13:25:40,1,tie_silencer,empire,3,9,1,7,Dathomir
2025-07-08 13:25:39,2,unknown,resistance,4,10,6,10,Kashyyyk
2025-07-08 13:25:38,3,x-wing,resistance,9,8,5,1,Iktotch
2025-07-08 13:25:37,4,tie_fighter,empire,2,2,10,1,Kalee
2025-07-08 13:25:36,5,x-wing,resistance,6,4,1,2,Vulpter
2025-07-08 13:25:35,6,stormtrooper,resistance,5,4,8,10,Ryloth
2025-07-08 13:25:34,7,at-at,resistance,9,4,8,3,Rodia
2025-07-08 13:25:33,8,tie_fighter,resistance,3,7,10,1,Haruun Kal
2025-07-08 13:25:32,9,unknown,resistance,2,4,7,5,Chandrila
2025-07-08 13:25:31,10,unknown,resistance,1,3,5,3,Sullust
2025-07-08 13:25:30,11,at-st,empire,1,9,10,9,Toydaria
2025-07-08 13:25:29,12,resistance_soldier,empire,8,9,2,10,Haruun Kal
2025-07-08 13:25:28,13,unknown,empire,2,2,1,4,Bestine IV
2025-07-08 13:25:27,14,at-at,resistance,9,6,10,2,Mon Cala
2025-07-08 13:25:26,15,at-at,empire,4,2,8,8,Zolan
2025-07-08 13:25:25,16,at-st,resistance,1,9,2,3,Mirial
2025-07-08 13:25:24,17,tie_fighter,resistance,8,4,3,2,Ojom
2025-07-08 13:25:23,18,tie_silencer,resistance,7,2,3,2,Haruun Kal
2025-07-08 13:25:22,19,at-st,resistance,4,10,5,8,Tatooine
2025-07-08 13:25:21,20,resistance_soldier,empire,7,10,8,7,Skako
2025-07-08 13:25:20,21,resistance_soldier,resistance,5,8,10,7,Alderaan
2025-07-08 13:25:19,22,at-st,resistance,5,9,10,10,Ojom
2025-07-08 13:25:18,23,at-at,empire,9,7,2,5,Umbara
2025-07-08 13:25:17,24,tie_silencer,empire,7,2,10,2,Serenno
2025-07-08 13:25:16,25,tie_fighter,resistance,6,9,7,6,Quermia
2025-07-08 13:25:15,26,at-st,resistance,4,5,9,9,Umbara
2025-07-08 13:25:14,27,tie_silencer,empire,1,4,6,8,Vulpter
2025-07-08 13:25:13,28,unknown,resistance,7,4,1,1,Ryloth
2025-07-08 13:25:12,29,unknown,resistance,10,8,4,3,Chandrila
2025-07-08 13:25:11,30,unknown,resistance,7,10,7,6,Naboo
2025-07-08 13:25:10,31,x-wing,empire,1,5,4,10,Stewjon
2025-07-08 13:25:09,32,at-at,resistance,10,7,9,6,Alderaan
2025-07-08 13:25:08,33,x-wing,resistance,7,6,7,3,Kalee
2025-07-08 13:25:07,34,tie_silencer,empire,6,1,9,4,Tund
2025-07-08 13:25:06,35,tie_silencer,empire,4,6,9,9,Shili
2025-07-08 13:25:05,36,at-at,resistance,7,10,6,10,Quermia
2025-07-08 13:25:04,37,x-wing,empire,7,1,3,8,Socorro
2025-07-08 13:25:03,38,tie_silencer,empire,2,8,9,7,Tund
2025-07-08 13:25:02,39,stormtrooper,empire,1,9,9,2,Muunilinst
2025-07-08 13:25:01,40,resistance_soldier,empire,1,2,7,6,Eriadu
2025-07-08 13:25:00,41,x-wing,resistance,6,9,10,8,Champala
2025-07-08 13:24:59,42,tie_fighter,resistance,5,8,5,8,Ojom
2025-07-08 13:24:58,43,at-st,resistance,4,2,2,2,Iktotch
2025-07-08 13:24:57,44,unknown,empire,2,2,7,2,Rodia
2025-07-08 13:24:56,45,at-at,empire,9,10,6,1,Shili
2025-07-08 13:24:55,46,at-at,empire,6,8,2,8,Kashyyyk
2025-07-08 13:24:54,47,unknown,empire,10,1,4,5,Ojom
2025-07-08 13:24:53,48,at-at,resistance,7,4,9,7,Socorro
2025-07-08 13:24:52,49,at-st,empire,6,8,3,4,Socorro
2025-07-08 13:24:51,50,at-at,resistance,2,9,6,10,Zolan
2025-07-08 13:24:50,51,unknown,empire,2,9,2,6,Vulpter
2025-07-08 13:24:49,52,tie_fighter,empire,7,8,9,9,Vulpter
2025-07-08 13:24:48,53,unknown,empire,8,1,6,3,Iridonia
2025-07-08 13:24:47,54,resistance_soldier,empire,2,4,1,9,Champala
2025-07-08 13:24:46,55,at-at,empire,5,6,8,4,Dagobah
2025-07-08 13:24:45,56,tie_fighter,empire,4,5,6,3,Quermia
2025-07-08 13:24:44,57,resistance_soldier,empire,5,4,2,9,Dagobah
2025-07-08 13:24:43,58,x-wing,resistance,10,7,6,4,Cerea
2025-07-08 13:24:42,59,resistance_soldier,resistance,1,1,10,9,Quermia
2025-07-08 13:24:41,60,tie_fighter,empire,2,10,6,8,Shili
2025-07-08 13:24:40,61,tie_silencer,resistance,8,6,5,6,Eriadu
2025-07-08 13:24:39,62,at-st,resistance,5,6,2,1,Rodia
2025-07-08 13:24:38,63,at-st,resistance,1,3,2,3,Shili
2025-07-08 13:24:37,64,at-st,resistance,3,3,5,4,Iridonia
2025-07-08 13:24:36,65,unknown,resistance,3,5,5,3,Socorro
2025-07-08 13:24:35,66,stormtrooper,empire,10,3,6,9,Toydaria
2025-07-08 13:24:34,67,tie_fighter,resistance,10,5,2,7,Concord Dawn
2025-07-08 13:24:33,68,tie_fighter,resistance,6,4,8,8,Kashyyyk
2025-07-08 13:24:32,69,tie_fighter,empire,3,6,3,7,Kalee
2025-07-08 13:24:31,70,tie_fighter,resistance,9,9,6,6,Cerea
2025-07-08 13:24:30,71,at-st,empire,9,6,6,1,Kalee
2025-07-08 13:24:29,72,at-st,resistance,6,4,7,10,Mirial
2025-07-08 13:24:28,73,unknown,resistance,10,5,7,1,Rodia
2025-07-08 13:24:27,74,at-at,resistance,5,1,9,3,Glee Anselm
2025-07-08 13:24:26,75,unknown,resistance,7,3,9,6,Shili
2025-07-08 13:24:25,76,at-st,empire,1,10,5,9,Dagobah
2025-07-08 13:24:24,77,stormtrooper,resistance,10,3,4,1,Kashyyyk
2025-07-08 13:24:23,78,stormtrooper,empire,8,2,8,5,Dagobah
2025-07-08 13:24:22,79,x-wing,empire,2,7,6,7,Bestine IV
2025-07-08 13:24:21,80,at-st,resistance,5,8,10,2,Trandosha
2025-07-08 13:24:20,81,x-wing,resistance,1,7,3,2,Mirial
2025-07-08 13:24:19,82,at-at,resistance,10,3,9,10,Ryloth
2025-07-08 13:24:18,83,at-at,empire,4,10,9,3,Dagobah
2025-07-08 13:24:17,84,tie_silencer,empire,8,4,8,4,Quermia
2025-07-08 13:24:16,85,tie_silencer,resistance,2,6,9,1,Toydaria
2025-07-08 13:24:15,86,tie_silencer,empire,10,8,5,5,Quermia
2025-07-08 13:24:14,87,at-st,resistance,3,8,3,6,Quermia
2025-07-08 13:24:13,88,resistance_soldier,empire,9,3,6,1,Toydaria
2025-07-08 13:24:12,89,stormtrooper,empire,2,9,5,6,Iktotch
2025-07-08 13:24:11,90,at-at,resistance,9,1,2,2,Mon Cala
2025-07-08 13:24:10,91,tie_silencer,empire,7,2,7,10,Quermia
2025-07-08 13:24:09,92,x-wing,resistance,6,10,8,7,Alderaan
2025-07-08 13:24:08,93,tie_silencer,empire,1,3,4,6,Stewjon
2025-07-08 13:24:07,94,stormtrooper,resistance,9,5,9,4,Glee Anselm
2025-07-08 13:24:06,95,at-st,empire,6,2,7,4,Concord Dawn
2025-07-08 13:24:05,96,x-wing,resistance,5,5,4,2,Bestine IV
2025-07-08 13:24:04,97,stormtrooper,empire,8,2,3,6,Serenno
2025-07-08 13:24:03,98,tie_fighter,empire,6,8,8,5,Vulpter
2025-07-08 13:24:02,99,tie_fighter,resistance,4,10,1,9,Kashyyyk
2025-07-08 13:24:01,100,at-st,resistance,9,10,9,3,Bestine IV
2025-07-08 13:24:00,101,resistance_soldier,resistance,3,4,1,10,Iridonia
2025-07-08 13:23:59,102,at-at,resistance,6,4,7,1,Tatooine
2025-07-08 13:23:58,103,x-wing,resistance,1,2,5,9,Ojom
2025-07-08 13:23:57,104,tie_fighter,resistance,5,10,6,2,Muunilinst
2025-07-08 13:23:56,105,unknown,resistance,1,5,9,7,Kashyyyk
2025-07-08 13:23:55,106,at-at,empire,8,2,10,5,Dagobah
2025-07-08 13:23:54,107,at-st,resistance,6,6,2,2,Tatooine
2025-07-08 13:23:53,108,x-wing,empire,1,1,2,9,Naboo
2025-07-08 13:23:52,109,at-at,resistance,2,10,3,8,Sullust
2025-07-08 13:23:51,110,stormtrooper,resistance,4,9,5,6,Champala
2025-07-08 13:23:50,111,x-wing,resistance,2,2,7,9,Malastare
2025-07-08 13:23:49,112,resistance_soldier,resistance,6,6,2,2,Rodia
2025-07-08 13:23:48,113,tie_fighter,empire,4,4,7,7,Tund
2025-07-08 13:23:47,114,resistance_soldier,empire,6,3,2,6,Umbara
2025-07-08 13:23:46,115,stormtrooper,resistance,8,2,5,6,Eriadu
2025-07-08 13:23:45,116,tie_fighter,empire,1,4,7,1,Malastare
2025-07-08 13:23:44,117,unknown,empire,5,9,8,1,Tund
2025-07-08 13:23:43,118,unknown,resistance,3,6,2,4,Malastare
2025-07-08 13:23:42,119,x-wing,empire,1,6,1,8,Dagobah
2025-07-08 13:23:41,120,tie_silencer,resistance,6,6,10,1,Kashyyyk
2025-07-08 13:23:40,121,resistance_soldier,empire,3,9,4,3,Kalee
2025-07-08 13:23:39,122,at-at,resistance,2,8,2,10,Naboo
2025-07-08 13:23:38,123,x-wing,resistance,3,4,7,3,Troiken
2025-07-08 13:23:37,124,stormtrooper,resistance,6,6,2,9,Alderaan
2025-07-08 13:23:36,125,x-wing,empire,2,8,2,6,Dagobah
2025-07-08 13:23:35,126,tie_silencer,resistance,8,10,7,3,Socorro
2025-07-08 13:23:34,127,x-wing,resistance,4,5,2,1,Vulpter
2025-07-08 13:23:33,128,tie_fighter,empire,6,6,9,3,Dagobah
2025-07-08 13:23:32,129,stormtrooper,resistance,3,9,8,10,Dathomir
2025-07-08 13:23:31,130,at-st,empire,4,5,10,2,Rodia
2025-07-08 13:23:30,131,at-at,resistance,2,9,6,8,Trandosha
2025-07-08 13:23:29,132,x-wing,empire,7,3,7,8,Stewjon
2025-07-08 13:23:28,133,resistance_soldier,empire,1,9,6,8,Aleen Minor
2025-07-08 13:23:27,134,stormtrooper,empire,2,2,1,1,Iktotch
2025-07-08 13:23:26,135,tie_silencer,resistance,7,2,2,6,Sullust
2025-07-08 13:23:25,136,stormtrooper,empire,5,8,10,3,Rodia
2025-07-08 13:23:24,137,unknown,empire,1,10,9,8,Malastare
2025-07-08 13:23:23,138,at-st,empire,5,7,10,4,Muunilinst
2025-07-08 13:23:22,139,at-st,resistance,6,8,6,5,Chandrila
2025-07-08 13:23:21,140,tie_fighter,resistance,10,7,10,3,Mon Cala
2025-07-08 13:23:20,141,unknown,empire,10,6,7,9,Malastare
2025-07-08 13:23:19,142,tie_fighter,resistance,7,8,10,7,Glee Anselm
2025-07-08 13:23:18,143,tie_fighter,empire,8,3,4,10,Tholoth
2025-07-08 13:23:17,144,x-wing,empire,1,5,8,8,Stewjon
2025-07-08 13:23:16,145,at-st,resistance,7,6,4,3,Skako
2025-07-08 13:23:15,146,x-wing,empire,4,7,3,6,Skako
2025-07-08 13:23:14,147,stormtrooper,resistance,7,1,2,9,Mon Cala
2025-07-08 13:23:13,148,x-wing,resistance,7,2,7,4,Dagobah
2025-07-08 13:23:12,149,unknown,empire,1,7,4,2,Dagobah
2025-07-08 13:23:11,150,unknown,empire,7,4,4,6,Trandosha
2025-07-08 13:23:10,151,at-at,resistance,2,2,3,8,Ryloth
2025-07-08 13:23:09,152,unknown,empire,8,1,6,6,Serenno
2025-07-08 13:23:08,153,tie_silencer,resistance,2,10,10,9,Sullust
2025-07-08 13:23:07,154,tie_silencer,empire,8,4,10,5,Vulpter
2025-07-08 13:23:06,155,resistance_soldier,empire,6,1,6,10,Eriadu
2025-07-08 13:23:05,156,at-st,empire,5,10,10,1,Iktotch
2025-07-08 13:23:04,157,tie_fighter,resistance,7,8,5,6,Alderaan
2025-07-08 13:23:03,158,resistance_soldier,empire,9,2,2,1,Aleen Minor
2025-07-08 13:23:02,159,x-wing,empire,6,9,5,6,Corellia
2025-07-08 13:23:01,160,at-st,resistance,6,10,8,4,Eriadu
2025-07-08 13:23:00,161,resistance_soldier,resistance,6,7,7,6,Iktotch
2025-07-08 13:22:59,162,at-at,resistance,4,7,9,5,Glee Anselm
2025-07-08 13:22:58,163,resistance_soldier,resistance,8,9,10,5,Dathomir
2025-07-08 13:22:57,164,tie_fighter,resistance,6,7,9,6,Tatooine
2025-07-08 13:22:56,165,at-at,empire,5,10,6,3,Serenno
2025-07-08 13:22:55,166,stormtrooper,resistance,7,3,9,6,Iktotch
2025-07-08 13:22:54,167,stormtrooper,empire,9,10,2,8,Skako
2025-07-08 13:22:53,168,stormtrooper,resistance,2,3,6,1,Quermia
2025-07-08 13:22:52,169,at-at,resistance,1,1,8,2,Tholoth
2025-07-08 13:22:51,170,at-at,empire,3,8,1,7,Corellia
2025-07-08 13:22:50,171,tie_fighter,resistance,5,3,10,3,Chandrila
2025-07-08 13:22:49,172,tie_silencer,resistance,6,2,7,10,Bestine IV
2025-07-08 13:22:48,173,resistance_soldier,resistance,7,2,7,3,Chandrila
2025-07-08 13:22:47,174,tie_fighter,empire,1,3,5,4,Rodia
2025-07-08 13:22:46,175,tie_fighter,resistance,10,10,9,10,Dagobah
2025-07-08 13:22:45,176,tie_silencer,empire,7,5,10,5,Serenno
2025-07-08 13:22:44,177,resistance_soldier,resistance,8,3,7,9,Concord Dawn
2025-07-08 13:22:43,178,tie_silencer,empire,1,10,5,3,Muunilinst
2025-07-08 13:22:42,179,stormtrooper,empire,1,7,2,2,Glee Anselm
2025-07-08 13:22:41,180,tie_silencer,empire,2,9,8,7,Mirial
2025-07-08 13:22:40,181,unknown,empire,9,3,1,8,Iktotch
2025-07-08 13:22:39,182,unknown,resistance,6,10,10,3,Dagobah
2025-07-08 13:22:38,183,stormtrooper,empire,3,3,7,8,Quermia
2025-07-08 13:22:37,184,at-at,resistance,6,4,6,7,Toydaria
2025-07-08 13:22:36,185,resistance_soldier,resistance,5,8,2,9,Iridonia
2025-07-08 13:22:35,186,stormtrooper,resistance,6,7,3,8,Tund
2025-07-08 13:22:34,187,tie_fighter,empire,2,9,4,7,Malastare
2025-07-08 13:22:33,188,x-wing,resistance,9,10,8,4,Kalee
2025-07-08 13:22:32,189,tie_silencer,empire,1,5,2,6,Ryloth
2025-07-08 13:22:31,190,tie_fighter,empire,3,1,6,7,Umbara
2025-07-08 13:22:30,191,resistance_soldier,empire,10,7,4,9,Skako
2025-07-08 13:22:29,192,stormtrooper,resistance,5,4,2,7,Ryloth
2025-07-08 13:22:28,193,tie_silencer,empire,8,8,4,5,Malastare
2025-07-08 13:22:27,194,tie_fighter,empire,6,8,3,1,Tatooine
2025-07-08 13:22:26,195,tie_fighter,empire,4,8,3,1,Muunilinst
2025-07-08 13:22:25,196,x-wing,resistance,8,7,6,7,Vulpter
2025-07-08 13:22:24,197,tie_fighter,resistance,4,4,2,9,Cerea
2025-07-08 13:22:23,198,tie_silencer,empire,10,3,5,5,Vulpter
2025-07-08 13:22:22,199,at-at,resistance,6,7,3,9,Champala
2025-07-08 13:22:21,200,at-at,resistance,6,1,7,7,Ryloth
2025-07-08 13:22:20,201,at-at,empire,3,8,8,8,Serenno
2025-07-08 13:22:19,202,unknown,empire,3,2,2,5,Tund
2025-07-08 13:22:18,203,tie_silencer,empire,3,5,3,1,Cerea
2025-07-08 13:22:17,204,x-wing,resistance,10,2,2,10,Dathomir
2025-07-08 13:22:16,205,stormtrooper,resistance,1,9,8,6,Alderaan
2025-07-08 13:22:15,206,tie_fighter,empire,8,8,9,7,Tatooine
2025-07-08 13:22:14,207,stormtrooper,resistance,1,2,1,3,Kashyyyk
2025-07-08 13:22:13,208,x-wing,empire,5,5,2,8,Stewjon
2025-07-08 13:22:12,209,tie_silencer,empire,3,2,9,8,Shili
2025-07-08 13:22:11,210,at-at,empire,2,6,3,10,Rodia
2025-07-08 13:22:10,211,unknown,empire,7,7,8,2,Tholoth
2025-07-08 13:22:09,212,tie_fighter,resistance,2,6,2,2,Shili
2025-07-08 13:22:08,213,resistance_soldier,resistance,5,9,2,4,Umbara
2025-07-08 13:22:07,214,at-at,resistance,6,8,1,6,Iridonia
2025-07-08 13:22:06,215,stormtrooper,empire,4,4,2,9,Bestine IV
2025-07-08 13:22:05,216,at-at,resistance,7,4,6,6,Iridonia
2025-07-08 13:22:04,217,resistance_soldier,resistance,6,6,8,4,Ryloth
2025-07-08 13:22:03,218,unknown,empire,10,6,10,7,Trandosha
2025-07-08 13:22:02,219,x-wing,resistance,4,5,7,7,Alderaan
2025-07-08 13:22:01,220,at-at,empire,2,1,1,7,Dorin
2025-07-08 13:22:00,221,x-wing,empire,1,1,4,7,Ryloth
2025-07-08 13:21:59,222,at-st,empire,3,4,3,3,Skako
2025-07-08 13:21:58,223,tie_silencer,empire,9,3,10,1,Kalee
2025-07-08 13:21:57,224,resistance_soldier,empire,10,5,10,10,Champala
2025-07-08 13:21:56,225,at-at,resistance,3,3,7,5,Naboo
2025-07-08 13:21:55,226,resistance_soldier,empire,6,3,1,10,Naboo
2025-07-08 13:21:54,227,at-st,resistance,9,9,3,1,Chandrila
2025-07-08 13:21:53,228,at-at,resistance,9,3,10,9,Naboo
2025-07-08 13:21:52,229,x-wing,empire,7,8,1,10,Champala
2025-07-08 13:21:51,230,tie_fighter,empire,2,2,1,3,Dagobah
2025-07-08 13:21:50,231,tie_silencer,empire,2,8,10,2,Corellia
2025-07-08 13:21:49,232,unknown,empire,4,6,5,9,Bestine IV
2025-07-08 13:21:48,233,stormtrooper,resistance,1,4,4,2,Iridonia
2025-07-08 13:21:47,234,unknown,resistance,6,2,1,6,Haruun Kal
2025-07-08 13:21:46,235,at-st,resistance,10,2,3,4,Troiken
2025-07-08 13:21:45,236,stormtrooper,empire,2,7,2,2,Rodia
2025-07-08 13:21:44,237,tie_silencer,resistance,10,6,10,9,Stewjon
2025-07-08 13:21:43,238,unknown,empire,1,10,7,7,Trandosha
2025-07-08 13:21:42,239,at-at,empire,3,1,2,8,Toydaria
2025-07-08 13:21:41,240,at-at,resistance,7,6,9,6,Kalee
2025-07-08 13:21:40,241,tie_silencer,resistance,1,4,5,3,Ojom
2025-07-08 13:21:39,242,stormtrooper,resistance,3,7,7,4,Iktotch
2025-07-08 13:21:38,243,unknown,resistance,1,8,4,1,Naboo
2025-07-08 13:21:37,244,stormtrooper,empire,6,2,9,9,Cerea
2025-07-08 13:21:36,245,tie_fighter,resistance,6,4,2,3,Skako
2025-07-08 13:21:35,246,stormtrooper,resistance,3,9,10,4,Shili
2025-07-08 13:21:34,247,at-st,empire,1,9,5,1,Dorin
2025-07-08 13:21:33,248,tie_silencer,empire,10,1,1,7,Tholoth
2025-07-08 13:21:32,249,resistance_soldier,empire,6,3,1,2,Tund
2025-07-08 13:21:31,250,tie_silencer,resistance,5,5,3,6,Sullust
2025-07-08 13:21:30,251,tie_fighter,empire,4,7,1,8,Quermia
2025-07-08 13:21:29,252,resistance_soldier,empire,1,8,10,7,Glee Anselm
2025-07-08 13:21:28,253,stormtrooper,empire,7,10,6,7,Eriadu
2025-07-08 13:21:27,254,stormtrooper,empire,5,3,4,5,Quermia
2025-07-08 13:21:26,255,at-at,resistance,9,5,3,10,Chandrila
2025-07-08 13:21:25,256,unknown,resistance,1,8,4,4,Ojom
2025-07-08 13:21:24,257,tie_fighter,empire,2,4,2,4,Vulpter
2025-07-08 13:21:23,258,tie_silencer,empire,7,3,5,1,Ojom
2025-07-08 13:21:22,259,at-at,resistance,4,10,6,5,Shili
2025-07-08 13:21:21,260,at-st,resistance,10,6,3,4,Aleen Minor
2025-07-08 13:21:20,261,tie_silencer,empire,4,3,5,6,Skako
2025-07-08 13:21:19,262,tie_silencer,resistance,7,3,4,8,Skako
2025-07-08 13:21:18,263,x-wing,empire,7,1,7,10,Dorin
2025-07-08 13:21:17,264,x-wing,resistance,9,3,1,9,Vulpter
2025-07-08 13:21:16,265,resistance_soldier,empire,3,7,6,10,Eriadu
2025-07-08 13:21:15,266,at-at,resistance,3,3,4,4,Socorro
2025-07-08 13:21:14,267,at-at,empire,10,1,5,3,Skako
2025-07-08 13:21:13,268,at-st,empire,1,9,4,3,Bestine IV
2025-07-08 13:21:12,269,tie_fighter,empire,10,6,8,2,Vulpter
2025-07-08 13:21:11,270,unknown,empire,1,6,8,1,Muunilinst
2025-07-08 13:21:10,271,at-st,empire,3,3,3,7,Dagobah
2025-07-08 13:21:09,272,at-at,empire,5,7,8,3,Iktotch
2025-07-08 13:21:08,273,stormtrooper,empire,10,9,1,8,Muunilinst
2025-07-08 13:21:07,274,tie_fighter,empire,3,9,2,10,Serenno
2025-07-08 13:21:06,275,unknown,resistance,8,2,2,9,Glee Anselm
2025-07-08 13:21:05,276,x-wing,empire,5,3,3,4,Skako
2025-07-08 13:21:04,277,at-st,resistance,3,5,10,2,Tholoth
2025-07-08 13:21:03,278,x-wing,empire,2,3,2,9,Muunilinst
2025-07-08 13:21:02,279,resistance_soldier,empire,8,10,5,6,Shili
2025-07-08 13:21:01,280,stormtrooper,resistance,7,3,5,2,Corellia
2025-07-08 13:21:00,281,stormtrooper,empire,3,10,3,1,Cerea
2025-07-08 13:20:59,282,at-at,resistance,7,9,4,1,Mon Cala
2025-07-08 13:20:58,283,tie_fighter,empire,1,3,5,4,Corellia
2025-07-08 13:20:57,284,tie_fighter,resistance,9,9,7,9,Chandrila
2025-07-08 13:20:56,285,tie_silencer,empire,7,1,2,9,Troiken
2025-07-08 13:20:55,286,resistance_soldier,resistance,9,1,3,6,Cerea
2025-07-08 13:20:54,287,unknown,empire,4,6,10,1,Champala
2025-07-08 13:20:53,288,resistance_soldier,empire,7,1,5,1,Corellia
2025-07-08 13:20:52,289,unknown,resistance,10,9,7,9,Ryloth
2025-07-08 13:20:51,290,unknown,empire,1,4,9,1,Aleen Minor
2025-07-08 13:20:50,291,tie_silencer,resistance,5,8,9,3,Mon Cala
2025-07-08 13:20:49,292,at-st,empire,9,4,2,6,Stewjon
2025-07-08 13:20:48,293,resistance_soldier,resistance,5,3,6,6,Rodia
2025-07-08 13:20:47,294,at-st,resistance,7,7,2,2,Champala
2025-07-08 13:20:46,295,unknown,resistance,1,6,1,8,Tatooine
2025-07-08 13:20:45,296,x-wing,resistance,4,1,10,5,Skako
2025-07-08 13:20:44,297,stormtrooper,resistance,6,7,4,6,Umbara
2025-07-08 13:20:43,298,stormtrooper,resistance,5,8,6,10,Zolan
2025-07-08 13:20:42,299,resistance_soldier,empire,5,4,1,9,Stewjon
2025-07-08 13:20:41,300,tie_fighter,empire,6,4,10,1,Aleen Minor
2025-07-08 13:20:40,301,unknown,resistance,9,3,9,1,Alderaan
2025-07-08 13:20:39,302,x-wing,empire,7,5,1,3,Dorin
2025-07-08 13:20:38,303,unknown,empire,3,2,3,1,Concord Dawn
2025-07-08 13:20:37,304,at-st,empire,5,10,9,4,Vulpter
2025-07-08 13:20:36,305,unknown,empire,7,2,8,7,Shili
2025-07-08 13:20:35,306,resistance_soldier,resistance,2,1,8,6,Kashyyyk
2025-07-08 13:20:34,307,resistance_soldier,empire,10,2,7,1,Aleen Minor
2025-07-08 13:20:33,308,at-at,empire,9,7,2,9,Socorro
2025-07-08 13:20:32,309,unknown,empire,10,5,4,1,Naboo
2025-07-08 13:20:31,310,resistance_soldier,empire,2,1,8,1,Ojom
2025-07-08 13:20:30,311,unknown,resistance,5,4,10,10,Kashyyyk
2025-07-08 13:20:29,312,tie_silencer,resistance,4,4,8,8,Shili
2025-07-08 13:20:28,313,tie_fighter,resistance,8,5,4,1,Serenno
2025-07-08 13:20:27,314,unknown,resistance,3,8,8,9,Chandrila
2025-07-08 13:20:26,315,tie_silencer,resistance,4,8,10,2,Chandrila
2025-07-08 13:20:25,316,x-wing,empire,2,1,10,1,Corellia
2025-07-08 13:20:24,317,x-wing,resistance,2,3,4,2,Chandrila
2025-07-08 13:20:23,318,stormtrooper,resistance,2,2,9,5,Glee Anselm
2025-07-08 13:20:22,319,tie_silencer,resistance,4,5,6,1,Chandrila
2025-07-08 13:20:21,320,tie_silencer,empire,6,2,8,7,Haruun Kal
2025-07-08 13:20:20,321,at-st,empire,7,9,2,3,Zolan
2025-07-08 13:20:19,322,unknown,resistance,2,6,3,9,Malastare
2025-07-08 13:20:18,323,resistance_soldier,resistance,5,1,3,10,Glee Anselm
2025-07-08 13:20:17,324,tie_fighter,empire,3,1,5,10,Skako
2025-07-08 13:20:16,325,at-st,resistance,10,8,7,7,Tholoth
2025-07-08 13:20:15,326,x-wing,resistance,9,3,3,10,Umbara
2025-07-08 13:20:14,327,tie_silencer,resistance,3,5,9,4,Iridonia
2025-07-08 13:20:13,328,x-wing,resistance,10,7,3,7,Socorro
2025-07-08 13:20:12,329,tie_fighter,resistance,10,1,1,7,Rodia
2025-07-08 13:20:11,330,stormtrooper,resistance,10,4,2,10,Shili
2025-07-08 13:20:10,331,at-at,empire,9,4,5,6,Troiken
2025-07-08 13:20:09,332,at-at,empire,7,1,7,6,Champala
2025-07-08 13:20:08,333,at-st,resistance,6,7,7,8,Mon Cala
2025-07-08 13:20:07,334,stormtrooper,resistance,9,10,6,6,Ryloth
2025-07-08 13:20:06,335,at-st,empire,3,4,1,5,Malastare
2025-07-08 13:20:05,336,stormtrooper,empire,8,10,6,2,Bestine IV
2025-07-08 13:20:04,337,at-st,resistance,9,4,10,3,Shili
2025-07-08 13:20:03,338,tie_silencer,empire,6,3,8,7,Malastare
2025-07-08 13:20:02,339,at-at,resistance,4,9,3,8,Umbara
2025-07-08 13:20:01,340,x-wing,empire,10,6,6,4,Skako
2025-07-08 13:20:00,341,tie_silencer,empire,4,9,3,5,Iridonia
2025-07-08 13:19:59,342,tie_fighter,resistance,1,9,1,7,Skako
2025-07-08 13:19:58,343,resistance_soldier,empire,3,3,6,8,Zolan
2025-07-08 13:19:57,344,resistance_soldier,resistance,6,3,10,7,Champala
2025-07-08 13:19:56,345,tie_fighter,resistance,2,3,7,1,Mon Cala
2025-07-08 13:19:55,346,resistance_soldier,resistance,8,8,6,6,Dathomir
2025-07-08 13:19:54,347,resistance_soldier,resistance,3,3,8,3,Sullust
2025-07-08 13:19:53,348,stormtrooper,empire,3,2,2,6,Haruun Kal
2025-07-08 13:19:52,349,resistance_soldier,resistance,10,9,10,2,Cerea
2025-07-08 13:19:51,350,stormtrooper,empire,10,9,8,2,Naboo
2025-07-08 13:19:50,351,tie_fighter,empire,5,3,6,9,Stewjon
2025-07-08 13:19:49,352,at-at,resistance,1,8,1,10,Tholoth
2025-07-08 13:19:48,353,resistance_soldier,empire,5,5,3,7,Mirial
2025-07-08 13:19:47,354,at-st,resistance,7,9,8,2,Dagobah
2025-07-08 13:19:46,355,tie_silencer,empire,10,8,8,8,Stewjon
2025-07-08 13:19:45,356,resistance_soldier,resistance,6,4,8,10,Alderaan
2025-07-08 13:19:44,357,x-wing,resistance,1,10,7,10,Dathomir
2025-07-08 13:19:43,358,at-st,resistance,5,2,5,4,Dorin
2025-07-08 13:19:42,359,at-at,resistance,5,2,9,6,Ryloth
2025-07-08 13:19:41,360,at-at,resistance,8,8,4,4,Dathomir
2025-07-08 13:19:40,361,unknown,resistance,8,1,4,5,Dathomir
2025-07-08 13:19:39,362,tie_silencer,empire,9,3,7,8,Dorin
2025-07-08 13:19:38,363,at-at,resistance,1,9,1,10,Zolan
2025-07-08 13:19:37,364,tie_silencer,empire,3,4,2,1,Quermia
2025-07-08 13:19:36,365,stormtrooper,empire,8,10,4,2,Socorro
2025-07-08 13:19:35,366,tie_fighter,resistance,8,7,2,10,Vulpter
2025-07-08 13:19:34,367,stormtrooper,resistance,10,10,5,4,Chandrila
2025-07-08 13:19:33,368,stormtrooper,empire,7,5,2,2,Haruun Kal
2025-07-08 13:19:32,369,at-st,resistance,10,3,10,9,Zolan
2025-07-08 13:19:31,370,at-st,empire,10,8,3,1,Tund
2025-07-08 13:19:30,371,at-at,resistance,2,2,1,10,Rodia
2025-07-08 13:19:29,372,at-st,empire,2,10,9,8,Corellia
2025-07-08 13:19:28,373,tie_fighter,empire,6,6,1,3,Tund
2025-07-08 13:19:27,374,tie_silencer,resistance,1,4,7,2,Shili
2025-07-08 13:19:26,375,tie_silencer,resistance,10,3,8,8,Mon Cala
2025-07-08 13:19:25,376,x-wing,resistance,7,8,3,6,Haruun Kal
2025-07-08 13:19:24,377,unknown,empire,4,10,10,2,Champala
2025-07-08 13:19:23,378,at-st,empire,9,2,5,4,Malastare
2025-07-08 13:19:22,379,unknown,resistance,7,5,10,5,Alderaan
2025-07-08 13:19:21,380,resistance_soldier,resistance,9,1,4,4,Alderaan
2025-07-08 13:19:20,381,tie_fighter,empire,3,6,6,1,Stewjon
2025-07-08 13:19:19,382,tie_silencer,empire,1,1,4,8,Bestine IV
2025-07-08 13:19:18,383,stormtrooper,resistance,8,10,5,5,Dathomir
2025-07-08 13:19:17,384,stormtrooper,resistance,3,7,10,6,Dagobah
2025-07-08 13:19:16,385,tie_fighter,empire,4,1,3,3,Champala
2025-07-08 13:19:15,386,at-at,empire,9,7,10,4,Kalee
2025-07-08 13:19:14,387,at-at,resistance,9,9,6,3,Sullust
2025-07-08 13:19:13,388,unknown,empire,10,10,1,1,Dorin
2025-07-08 13:19:12,389,at-at,resistance,8,5,2,3,Kashyyyk
2025-07-08 13:19:11,390,stormtrooper,resistance,9,7,1,5,Tholoth
2025-07-08 13:19:10,391,stormtrooper,empire,1,3,5,1,Tatooine
2025-07-08 13:19:09,392,at-st,empire,3,4,8,6,Muunilinst
2025-07-08 13:19:08,393,tie_silencer,resistance,10,9,6,7,Haruun Kal
2025-07-08 13:19:07,394,stormtrooper,resistance,3,10,6,9,Cerea
2025-07-08 13:19:06,395,stormtrooper,empire,1,2,7,2,Muunilinst
2025-07-08 13:19:05,396,resistance_soldier,empire,10,9,8,7,Tund
2025-07-08 13:19:04,397,tie_fighter,resistance,3,3,6,6,Haruun Kal
2025-07-08 13:19:03,398,tie_silencer,empire,6,2,10,2,Serenno
2025-07-08 13:19:02,399,at-st,empire,3,3,1,4,Vulpter
2025-07-08 13:19:01,400,unknown,empire,6,4,1,10,Eriadu
2025-07-08 13:19:00,401,stormtrooper,empire,6,6,5,2,Zolan
2025-07-08 13:18:59,402,at-st,resistance,3,8,3,6,Bestine IV
2025-07-08 13:18:58,403,at-at,resistance,9,7,1,9,Ojom
2025-07-08 13:18:57,404,at-at,empire,4,6,1,5,Toydaria
2025-07-08 13:18:56,405,at-st,empire,7,4,5,3,Skako
2025-07-08 13:18:55,406,x-wing,resistance,9,4,8,5,Alderaan
2025-07-08 13:18:54,407,resistance_soldier,resistance,1,4,2,9,Socorro
2025-07-08 13:18:53,408,x-wing,empire,2,9,6,5,Eriadu
2025-07-08 13:18:52,409,tie_silencer,resistance,2,4,2,3,Vulpter
2025-07-08 13:18:51,410,stormtrooper,resistance,9,6,4,3,Alderaan
2025-07-08 13:18:50,411,at-at,resistance,5,1,1,6,Troiken
2025-07-08 13:18:49,412,tie_fighter,resistance,2,7,9,3,Vulpter
2025-07-08 13:18:48,413,resistance_soldier,empire,4,6,4,10,Zolan
2025-07-08 13:18:47,414,at-at,empire,1,5,1,7,Dorin
2025-07-08 13:18:46,415,tie_silencer,empire,3,6,7,2,Zolan
2025-07-08 13:18:45,416,unknown,resistance,3,2,4,8,Stewjon
2025-07-08 13:18:44,417,at-at,resistance,10,2,3,2,Ryloth
2025-07-08 13:18:43,418,at-at,empire,8,4,7,8,Socorro
2025-07-08 13:18:42,419,at-at,resistance,7,7,4,5,Trandosha
2025-07-08 13:18:41,420,unknown,resistance,2,6,5,1,Iridonia
2025-07-08 13:18:40,421,at-st,resistance,6,1,7,2,Toydaria
2025-07-08 13:18:39,422,x-wing,empire,10,4,9,5,Bestine IV
2025-07-08 13:18:38,423,at-at,resistance,7,4,3,7,Kalee
2025-07-08 13:18:37,424,unknown,resistance,10,4,8,3,Ojom
2025-07-08 13:18:36,425,tie_silencer,resistance,7,2,6,1,Bestine IV
2025-07-08 13:18:35,426,at-st,resistance,7,4,9,4,Chandrila
2025-07-08 13:18:34,427,tie_fighter,resistance,10,6,8,2,Champala
2025-07-08 13:18:33,428,tie_silencer,empire,6,8,2,7,Tund
2025-07-08 13:18:32,429,at-st,resistance,1,8,7,7,Dathomir
2025-07-08 13:18:31,430,tie_fighter,empire,6,4,10,3,Corellia
2025-07-08 13:18:30,431,tie_silencer,empire,8,6,2,5,Serenno
2025-07-08 13:18:29,432,at-st,resistance,5,2,1,4,Iridonia
2025-07-08 13:18:28,433,tie_fighter,resistance,1,4,4,2,Shili
2025-07-08 13:18:27,434,at-st,empire,2,5,9,5,Stewjon
2025-07-08 13:18:26,435,at-st,resistance,9,1,2,3,Sullust
2025-07-08 13:18:25,436,stormtrooper,empire,2,10,1,9,Malastare
2025-07-08 13:18:24,437,at-st,empire,9,4,2,1,Serenno
2025-07-08 13:18:23,438,resistance_soldier,empire,7,2,5,7,Muunilinst
2025-07-08 13:18:22,439,at-st,resistance,2,3,5,10,Aleen Minor
2025-07-08 13:18:21,440,tie_fighter,empire,5,9,1,9,Malastare
2025-07-08 13:18:20,441,at-at,resistance,6,8,9,3,Rodia
2025-07-08 13:18:19,442,x-wing,resistance,4,8,6,4,Tatooine
2025-07-08 13:18:18,443,unknown,resistance,10,8,8,4,Kashyyyk
2025-07-08 13:18:17,444,tie_fighter,resistance,6,3,3,3,Iridonia
2025-07-08 13:18:16,445,unknown,resistance,7,7,9,4,Tund
2025-07-08 13:18:15,446,unknown,resistance,1,7,2,10,Ryloth
2025-07-08 13:18:14,447,tie_silencer,empire,1,1,8,8,Trandosha
2025-07-08 13:18:13,448,stormtrooper,resistance,6,1,8,4,Glee Anselm
2025-07-08 13:18:12,449,resistance_soldier,empire,2,3,4,1,Naboo
2025-07-08 13:18:11,450,unknown,resistance,5,4,4,9,Vulpter
2025-07-08 13:18:10,451,resistance_soldier,empire,5,6,4,9,Trandosha
2025-07-08 13:18:09,452,at-st,resistance,4,9,10,5,Quermia
2025-07-08 13:18:08,453,unknown,resistance,7,3,4,2,Bestine IV
2025-07-08 13:18:07,454,at-st,resistance,4,8,7,4,Dagobah
2025-07-08 13:18:06,455,tie_fighter,empire,5,1,4,4,Dagobah
2025-07-08 13:18:05,456,unknown,resistance,8,8,1,1,Alderaan
2025-07-08 13:18:04,457,at-st,resistance,4,5,7,7,Alderaan
2025-07-08 13:18:03,458,at-at,resistance,9,1,9,1,Zolan
2025-07-08 13:18:02,459,unknown,resistance,6,1,1,2,Glee Anselm
2025-07-08 13:18:01,460,x-wing,empire,6,2,7,9,Corellia
2025-07-08 13:18:00,461,at-at,empire,6,9,1,9,Dorin
2025-07-08 13:17:59,462,tie_fighter,resistance,5,8,3,10,Vulpter
2025-07-08 13:17:58,463,tie_fighter,empire,2,10,6,6,Glee Anselm
2025-07-08 13:17:57,464,x-wing,resistance,6,5,7,9,Naboo
2025-07-08 13:17:56,465,stormtrooper,empire,3,5,8,1,Toydaria
2025-07-08 13:17:55,466,unknown,empire,2,10,4,3,Quermia
2025-07-08 13:17:54,467,stormtrooper,empire,1,6,7,3,Corellia
2025-07-08 13:17:53,468,tie_silencer,resistance,1,2,6,5,Quermia
2025-07-08 13:17:52,469,at-at,resistance,9,2,1,2,Ojom
2025-07-08 13:17:51,470,tie_fighter,empire,4,2,2,10,Shili
2025-07-08 13:17:50,471,x-wing,resistance,6,4,6,3,Dathomir
2025-07-08 13:17:49,472,at-at,resistance,9,3,6,4,Dathomir
2025-07-08 13:17:48,473,at-at,resistance,9,6,6,1,Tatooine
2025-07-08 13:17:47,474,tie_fighter,empire,4,2,6,7,Iktotch
2025-07-08 13:17:46,475,at-at,resistance,9,8,4,2,Dorin
2025-07-08 13:17:45,476,unknown,resistance,8,3,3,5,Shili
2025-07-08 13:17:44,477,tie_fighter,resistance,1,6,2,1,Iridonia
2025-07-08 13:17:43,478,at-st,resistance,2,10,2,10,Glee Anselm
2025-07-08 13:17:42,479,tie_silencer,empire,7,10,10,7,Malastare
2025-07-08 13:17:41,480,stormtrooper,resistance,2,2,4,9,Rodia
2025-07-08 13:17:40,481,at-st,resistance,2,1,7,5,Tatooine
2025-07-08 13:17:39,482,unknown,empire,7,7,4,10,Concord Dawn
2025-07-08 13:17:38,483,unknown,empire,7,4,2,4,Vulpter
2025-07-08 13:17:37,484,tie_fighter,empire,6,9,3,10,Concord Dawn
2025-07-08 13:17:36,485,tie_fighter,resistance,7,8,9,3,Tatooine
2025-07-08 13:17:35,486,x-wing,resistance,10,5,3,6,Kalee
2025-07-08 13:17:34,487,tie_silencer,resistance,6,1,2,7,Rodia
2025-07-08 13:17:33,488,at-st,empire,8,1,10,3,Mirial
2025-07-08 13:17:32,489,stormtrooper,resistance,4,2,10,3,Shili
2025-07-08 13:17:31,490,tie_fighter,resistance,5,6,5,3,Kashyyyk
2025-07-08 13:17:30,491,at-at,empire,6,7,5,7,Kalee
2025-07-08 13:17:29,492,unknown,resistance,5,1,6,6,Haruun Kal
2025-07-08 13:17:28,493,stormtrooper,resistance,6,5,4,3,Dathomir
2025-07-08 13:17:27,494,tie_fighter,empire,5,4,5,1,Toydaria
2025-07-08 13:17:26,495,at-st,empire,9,10,8,9,Eriadu
2025-07-08 13:17:25,496,stormtrooper,empire,5,9,6,9,Serenno
2025-07-08 13:17:24,497,tie_silencer,resistance,7,8,4,9,Bestine IV
2025-07-08 13:17:23,498,x-wing,resistance,7,9,5,3,Champala
2025-07-08 13:17:22,499,tie_fighter,empire,6,4,1,7,Concord Dawn
2025-07-08 13:17:21,500,tie_fighter,resistance,3,5,1,5,Mirial
2025-07-08 13:17:20,501,tie_silencer,empire,7,1,2,4,Glee Anselm
2025-07-08 13:17:19,502,unknown,resistance,3,1,9,1,Tatooine
2025-07-08 13:17:18,503,unknown,empire,2,3,1,1,Rodia
2025-07-08 13:17:17,504,stormtrooper,resistance,3,5,9,10,Shili
2025-07-08 13:17:16,505,resistance_soldier,resistance,5,10,1,3,Cerea
2025-07-08 13:17:15,506,tie_fighter,resistance,8,5,3,1,Iridonia
2025-07-08 13:17:14,507,resistance_soldier,resistance,9,3,10,2,Chandrila
2025-07-08 13:17:13,508,unknown,resistance,6,9,4,6,Champala
2025-07-08 13:17:12,509,stormtrooper,resistance,10,5,1,10,Eriadu
2025-07-08 13:17:11,510,tie_silencer,empire,9,9,1,8,Zolan
2025-07-08 13:17:10,511,x-wing,empire,10,1,7,7,Glee Anselm
2025-07-08 13:17:09,512,at-st,resistance,6,6,1,9,Umbara
2025-07-08 13:17:08,513,resistance_soldier,resistance,4,5,8,10,Socorro
2025-07-08 13:17:07,514,unknown,empire,10,4,4,9,Quermia
2025-07-08 13:17:06,515,tie_silencer,empire,8,4,2,3,Eriadu
2025-07-08 13:17:05,516,at-at,empire,1,7,5,10,Mirial
2025-07-08 13:17:04,517,tie_fighter,resistance,4,2,9,8,Umbara
2025-07-08 13:17:03,518,tie_silencer,empire,6,1,1,8,Trandosha
2025-07-08 13:17:02,519,tie_silencer,resistance,7,8,8,9,Kashyyyk
2025-07-08 13:17:01,520,x-wing,empire,6,3,8,2,Umbara
2025-07-08 13:17:00,521,stormtrooper,empire,9,7,5,7,Aleen Minor
2025-07-08 13:16:59,522,stormtrooper,resistance,5,8,6,7,Dorin
2025-07-08 13:16:58,523,tie_fighter,empire,7,6,3,4,Serenno
2025-07-08 13:16:57,524,tie_silencer,resistance,6,4,2,9,Socorro
2025-07-08 13:16:56,525,tie_fighter,resistance,7,5,8,2,Ojom
2025-07-08 13:16:55,526,x-wing,empire,8,9,2,10,Quermia
2025-07-08 13:16:54,527,at-st,resistance,7,8,3,5,Troiken
2025-07-08 13:16:53,528,x-wing,empire,7,9,8,4,Stewjon
2025-07-08 13:16:52,529,at-st,empire,8,9,4,9,Quermia
2025-07-08 13:16:51,530,x-wing,empire,10,4,2,9,Toydaria
2025-07-08 13:16:50,531,tie_fighter,resistance,10,6,3,3,Alderaan
2025-07-08 13:16:49,532,tie_silencer,empire,9,8,3,7,Dorin
2025-07-08 13:16:48,533,at-at,empire,4,4,6,10,Aleen Minor
2025-07-08 13:16:47,534,unknown,empire,6,1,1,6,Troiken
2025-07-08 13:16:46,535,x-wing,empire,1,4,8,3,Ojom
2025-07-08 13:16:45,536,x-wing,resistance,1,6,4,6,Haruun Kal
2025-07-08 13:16:44,537,tie_silencer,empire,1,8,8,5,Concord Dawn
2025-07-08 13:16:43,538,x-wing,empire,5,3,7,9,Skako
2025-07-08 13:16:42,539,at-at,empire,6,8,6,6,Rodia
2025-07-08 13:16:41,540,at-at,empire,10,8,8,5,Ojom
2025-07-08 13:16:40,541,x-wing,resistance,7,8,3,7,Alderaan
2025-07-08 13:16:39,542,stormtrooper,resistance,2,6,1,10,Quermia
2025-07-08 13:16:38,543,at-st,resistance,4,1,9,6,Mon Cala
2025-07-08 13:16:37,544,stormtrooper,empire,10,5,9,3,Iktotch
2025-07-08 13:16:36,545,tie_fighter,empire,4,3,10,10,Troiken
2025-07-08 13:16:35,546,x-wing,resistance,1,4,9,1,Haruun Kal
2025-07-08 13:16:34,547,tie_fighter,empire,9,6,10,4,Tholoth
2025-07-08 13:16:33,548,tie_silencer,resistance,6,5,5,2,Dathomir
2025-07-08 13:16:32,549,at-st,empire,6,10,4,9,Trandosha
2025-07-08 13:16:31,550,at-st,resistance,8,3,6,2,Tholoth
2025-07-08 13:16:30,551,at-st,empire,1,6,9,10,Iridonia
2025-07-08 13:16:29,552,x-wing,empire,2,2,6,6,Eriadu
2025-07-08 13:16:28,553,unknown,empire,10,2,2,8,Zolan
2025-07-08 13:16:27,554,x-wing,resistance,1,9,4,2,Dorin
2025-07-08 13:16:26,555,resistance_soldier,resistance,6,6,1,6,Troiken
2025-07-08 13:16:25,556,unknown,resistance,6,2,10,3,Trandosha
2025-07-08 13:16:24,557,tie_silencer,empire,8,2,9,1,Trandosha
2025-07-08 13:16:23,558,at-at,empire,8,3,2,1,Corellia
2025-07-08 13:16:22,559,resistance_soldier,resistance,3,2,9,5,Toydaria
2025-07-08 13:16:21,560,stormtrooper,empire,7,9,2,7,Trandosha
2025-07-08 13:16:20,561,tie_silencer,resistance,4,9,3,2,Bestine IV
2025-07-08 13:16:19,562,at-at,resistance,4,2,1,7,Concord Dawn
2025-07-08 13:16:18,563,resistance_soldier,empire,5,10,3,2,Skako
2025-07-08 13:16:17,564,at-at,resistance,1,9,5,10,Cerea
2025-07-08 13:16:16,565,at-st,resistance,2,9,4,2,Mon Cala
2025-07-08 13:16:15,566,x-wing,empire,5,9,5,1,Aleen Minor
2025-07-08 13:16:14,567,tie_fighter,empire,2,2,7,1,Haruun Kal
2025-07-08 13:16:13,568,x-wing,resistance,7,10,4,10,Socorro
2025-07-08 13:16:12,569,tie_fighter,resistance,2,9,6,4,Chandrila
2025-07-08 13:16:11,570,at-at,empire,8,5,2,8,Mirial
2025-07-08 13:16:10,571,unknown,empire,5,4,5,10,Serenno
2025-07-08 13:16:09,572,tie_silencer,resistance,5,10,4,3,Dathomir
2025-07-08 13:16:08,573,x-wing,empire,8,10,8,8,Toydaria
2025-07-08 13:16:07,574,at-st,empire,2,8,10,2,Serenno
2025-07-08 13:16:06,575,tie_fighter,empire,6,6,6,1,Dagobah
2025-07-08 13:16:05,576,at-at,resistance,4,9,7,8,Shili
2025-07-08 13:16:04,577,x-wing,empire,4,4,5,5,Skako
2025-07-08 13:16:03,578,at-st,empire,3,8,10,7,Eriadu
2025-07-08 13:16:02,579,stormtrooper,resistance,2,4,3,2,Glee Anselm
2025-07-08 13:16:01,580,resistance_soldier,resistance,7,8,9,4,Chandrila
2025-07-08 13:16:00,581,resistance_soldier,resistance,6,3,2,5,Alderaan
2025-07-08 13:15:59,582,resistance_soldier,resistance,7,7,6,5,Cerea
2025-07-08 13:15:58,583,resistance_soldier,resistance,5,2,6,4,Socorro
2025-07-08 13:15:57,584,at-at,resistance,8,8,7,9,Naboo
2025-07-08 13:15:56,585,unknown,resistance,9,8,8,8,Haruun Kal
2025-07-08 13:15:55,586,resistance_soldier,empire,8,9,4,6,Umbara
2025-07-08 13:15:54,587,resistance_soldier,resistance,2,9,2,10,Iridonia
2025-07-08 13:15:53,588,unknown,resistance,8,2,9,4,Alderaan
2025-07-08 13:15:52,589,at-st,resistance,7,8,10,6,Skako
2025-07-08 13:15:51,590,tie_silencer,empire,2,6,1,3,Ojom
2025-07-08 13:15:50,591,at-st,empire,6,7,3,7,Malastare
2025-07-08 13:15:49,592,at-at,resistance,6,6,10,10,Shili
2025-07-08 13:15:48,593,tie_fighter,empire,3,1,5,10,Champala
2025-07-08 13:15:47,594,stormtrooper,empire,8,4,7,4,Kalee
2025-07-08 13:15:46,595,unknown,empire,7,7,5,3,Champala
2025-07-08 13:15:45,596,x-wing,empire,4,4,3,8,Tund
2025-07-08 13:15:44,597,tie_silencer,empire,7,9,7,2,Trandosha
2025-07-08 13:15:43,598,at-at,resistance,9,1,3,5,Kashyyyk
2025-07-08 13:15:42,599,resistance_soldier,resistance,3,3,7,9,Mon Cala
2025-07-08 13:15:41,600,resistance_soldier,resistance,5,8,6,3,Bestine IV
2025-07-08 13:15:40,601,unknown,empire,8,6,10,6,Tatooine
2025-07-08 13:15:39,602,x-wing,resistance,3,8,6,1,Champala
2025-07-08 13:15:38,603,tie_silencer,empire,3,4,10,9,Serenno
2025-07-08 13:15:37,604,stormtrooper,empire,9,7,9,5,Dagobah
2025-07-08 13:15:36,605,stormtrooper,empire,6,3,3,7,Mirial
2025-07-08 13:15:35,606,tie_fighter,empire,9,3,2,8,Cerea
2025-07-08 13:15:34,607,unknown,empire,7,8,6,6,Zolan
2025-07-08 13:15:33,608,at-st,resistance,7,2,4,10,Alderaan
2025-07-08 13:15:32,609,stormtrooper,empire,2,3,3,1,Eriadu
2025-07-08 13:15:31,610,unknown,resistance,9,10,4,6,Tatooine
2025-07-08 13:15:30,611,unknown,resistance,5,5,7,4,Umbara
2025-07-08 13:15:29,612,x-wing,empire,2,9,6,3,Iridonia
2025-07-08 13:15:28,613,tie_fighter,empire,2,4,5,1,Quermia
2025-07-08 13:15:27,614,tie_silencer,empire,5,3,1,2,Malastare
2025-07-08 13:15:26,615,resistance_soldier,empire,4,2,3,10,Muunilinst
2025-07-08 13:15:25,616,unknown,empire,2,9,7,9,Eriadu
2025-07-08 13:15:24,617,at-at,empire,5,4,7,3,Glee Anselm
2025-07-08 13:15:23,618,tie_fighter,resistance,4,5,3,4,Socorro
2025-07-08 13:15:22,619,at-st,resistance,5,7,10,9,Rodia
2025-07-08 13:15:21,620,resistance_soldier,resistance,7,8,8,8,Shili
2025-07-08 13:15:20,621,x-wing,resistance,6,4,3,9,Trandosha
2025-07-08 13:15:19,622,resistance_soldier,resistance,6,1,1,2,Shili
2025-07-08 13:15:18,623,unknown,empire,10,9,3,2,Malastare
2025-07-08 13:15:17,624,x-wing,resistance,7,5,8,8,Dathomir
2025-07-08 13:15:16,625,tie_silencer,empire,8,3,4,5,Concord Dawn
2025-07-08 13:15:15,626,at-st,resistance,2,2,3,2,Rodia
2025-07-08 13:15:14,627,tie_silencer,resistance,7,8,7,1,Socorro
2025-07-08 13:15:13,628,at-at,empire,10,2,5,2,Haruun Kal
2025-07-08 13:15:12,629,tie_fighter,resistance,4,1,10,10,Haruun Kal
2025-07-08 13:15:11,630,tie_fighter,empire,9,6,5,4,Rodia
2025-07-08 13:15:10,631,resistance_soldier,resistance,8,2,4,6,Sullust
2025-07-08 13:15:09,632,unknown,resistance,4,6,10,4,Sullust
2025-07-08 13:15:08,633,unknown,empire,9,6,1,9,Corellia
2025-07-08 13:15:07,634,at-st,resistance,4,9,10,7,Cerea
2025-07-08 13:15:06,635,tie_fighter,empire,7,2,8,6,Dorin
2025-07-08 13:15:05,636,tie_fighter,empire,4,6,5,7,Corellia
2025-07-08 13:15:04,637,tie_fighter,empire,9,2,8,10,Mirial
2025-07-08 13:15:03,638,at-st,resistance,6,8,3,9,Haruun Kal
2025-07-08 13:15:02,639,at-st,resistance,1,7,5,3,Iridonia
2025-07-08 13:15:01,640,at-at,empire,7,5,4,3,Muunilinst
2025-07-08 13:15:00,641,unknown,resistance,2,6,6,9,Mon Cala
2025-07-08 13:14:59,642,unknown,empire,3,2,10,8,Tholoth
2025-07-08 13:14:58,643,at-st,empire,10,6,4,4,Zolan
2025-07-08 13:14:57,644,resistance_soldier,empire,2,6,3,9,Corellia
2025-07-08 13:14:56,645,resistance_soldier,empire,7,7,5,5,Haruun Kal
2025-07-08 13:14:55,646,x-wing,resistance,3,3,9,2,Tatooine
2025-07-08 13:14:54,647,at-st,resistance,5,7,1,2,Troiken
2025-07-08 13:14:53,648,resistance_soldier,resistance,8,10,2,9,Ryloth
2025-07-08 13:14:52,649,tie_silencer,empire,9,4,2,8,Malastare
2025-07-08 13:14:51,650,tie_fighter,empire,4,2,3,3,Aleen Minor
2025-07-08 13:14:50,651,tie_fighter,empire,3,10,5,6,Tund
2025-07-08 13:14:49,652,tie_fighter,resistance,4,6,10,4,Kalee
2025-07-08 13:14:48,653,at-at,resistance,10,1,4,6,Glee Anselm
2025-07-08 13:14:47,654,tie_silencer,empire,8,6,2,3,Troiken
2025-07-08 13:14:46,655,tie_fighter,empire,5,3,9,7,Dagobah
2025-07-08 13:14:45,656,at-at,resistance,3,9,8,8,Troiken
2025-07-08 13:14:44,657,stormtrooper,resistance,3,9,1,8,Kalee
2025-07-08 13:14:43,658,at-at,empire,2,2,4,3,Ojom
2025-07-08 13:14:42,659,x-wing,empire,5,3,6,3,Tholoth
2025-07-08 13:14:41,660,tie_silencer,empire,6,1,4,2,Tholoth
2025-07-08 13:14:40,661,at-at,resistance,2,6,2,6,Iktotch
2025-07-08 13:14:39,662,tie_fighter,empire,3,2,9,9,Cerea
2025-07-08 13:14:38,663,tie_silencer,resistance,10,9,3,5,Malastare
2025-07-08 13:14:37,664,at-at,resistance,5,4,2,5,Quermia
2025-07-08 13:14:36,665,tie_fighter,resistance,10,7,5,2,Kalee
2025-07-08 13:14:35,666,at-at,resistance,1,7,2,9,Iktotch
2025-07-08 13:14:34,667,tie_silencer,empire,8,5,3,1,Troiken
2025-07-08 13:14:33,668,x-wing,resistance,1,6,1,5,Vulpter
2025-07-08 13:14:32,669,at-at,resistance,5,2,2,1,Quermia
2025-07-08 13:14:31,670,stormtrooper,resistance,2,10,8,5,Iktotch
2025-07-08 13:14:30,671,tie_fighter,resistance,8,3,8,5,Tholoth
2025-07-08 13:14:29,672,resistance_soldier,empire,2,3,3,8,Toydaria
2025-07-08 13:14:28,673,at-at,resistance,7,7,2,9,Cerea
2025-07-08 13:14:27,674,at-st,empire,5,3,1,8,Rodia
2025-07-08 13:14:26,675,resistance_soldier,resistance,1,9,5,4,Dathomir
2025-07-08 13:14:25,676,resistance_soldier,empire,7,2,5,5,Serenno
2025-07-08 13:14:24,677,unknown,resistance,10,6,6,9,Iktotch
2025-07-08 13:14:23,678,at-st,resistance,6,8,10,7,Sullust
2025-07-08 13:14:22,679,at-st,resistance,5,8,5,7,Dathomir
2025-07-08 13:14:21,680,resistance_soldier,resistance,2,10,5,7,Zolan
2025-07-08 13:14:20,681,tie_silencer,resistance,2,6,8,2,Zolan
2025-07-08 13:14:19,682,at-at,empire,3,9,3,2,Malastare
2025-07-08 13:14:18,683,tie_fighter,empire,6,5,7,1,Cerea
2025-07-08 13:14:17,684,tie_fighter,empire,4,8,4,7,Socorro
2025-07-08 13:14:16,685,at-at,empire,9,7,5,9,Skako
2025-07-08 13:14:15,686,at-st,empire,7,3,6,8,Troiken
2025-07-08 13:14:14,687,unknown,empire,8,2,2,2,Serenno
2025-07-08 13:14:13,688,tie_fighter,resistance,4,4,1,3,Vulpter
2025-07-08 13:14:12,689,x-wing,empire,7,5,3,10,Serenno
2025-07-08 13:14:11,690,at-at,resistance,2,10,9,3,Iridonia
2025-07-08 13:14:10,691,stormtrooper,resistance,7,6,5,9,Alderaan
2025-07-08 13:14:09,692,resistance_soldier,empire,2,4,6,8,Skako
2025-07-08 13:14:08,693,resistance_soldier,resistance,2,5,5,8,Shili
2025-07-08 13:14:07,694,resistance_soldier,empire,10,1,5,8,Iktotch
2025-07-08 13:14:06,695,tie_fighter,resistance,1,6,8,7,Toydaria
2025-07-08 13:14:05,696,tie_silencer,resistance,10,10,5,4,Ojom
2025-07-08 13:14:04,697,unknown,empire,5,7,4,7,Rodia
2025-07-08 13:14:03,698,unknown,empire,5,3,6,4,Vulpter
2025-07-08 13:14:02,699,stormtrooper,resistance,3,6,4,7,Kalee
2025-07-08 13:14:01,700,at-at,empire,8,6,2,8,Umbara
2025-07-08 13:14:00,701,unknown,empire,8,3,8,2,Umbara
2025-07-08 13:13:59,702,unknown,resistance,7,7,8,10,Malastare
2025-07-08 13:13:58,703,stormtrooper,resistance,4,1,9,7,Mirial
2025-07-08 13:13:57,704,at-st,empire,5,6,5,10,Tatooine
2025-07-08 13:13:56,705,at-at,resistance,10,6,6,2,Iktotch
2025-07-08 13:13:55,706,x-wing,empire,5,1,9,7,Trandosha
2025-07-08 13:13:54,707,resistance_soldier,resistance,3,2,1,5,Umbara
2025-07-08 13:13:53,708,resistance_soldier,resistance,8,8,10,9,Shili
2025-07-08 13:13:52,709,tie_silencer,resistance,4,5,7,7,Skako
2025-07-08 13:13:51,710,at-at,empire,3,2,4,2,Eriadu
2025-07-08 13:13:50,711,tie_silencer,empire,7,6,10,9,Toydaria
2025-07-08 13:13:49,712,x-wing,empire,6,8,10,4,Toydaria
2025-07-08 13:13:48,713,at-at,resistance,7,9,10,5,Sullust
2025-07-08 13:13:47,714,at-st,empire,4,1,1,8,Toydaria
2025-07-08 13:13:46,715,at-st,empire,6,10,1,7,Tund
2025-07-08 13:13:45,716,tie_silencer,resistance,2,3,3,2,Quermia
2025-07-08 13:13:44,717,tie_silencer,resistance,10,3,2,7,Glee Anselm
2025-07-08 13:13:43,718,x-wing,empire,6,3,4,1,Kashyyyk
2025-07-08 13:13:42,719,tie_silencer,resistance,8,1,9,4,Champala
2025-07-08 13:13:41,720,tie_silencer,empire,2,9,3,1,Ojom
2025-07-08 13:13:40,721,tie_silencer,empire,6,3,5,4,Kalee
2025-07-08 13:13:39,722,resistance_soldier,resistance,6,9,6,7,Kashyyyk
2025-07-08 13:13:38,723,unknown,empire,4,10,10,2,Bestine IV
2025-07-08 13:13:37,724,tie_silencer,empire,1,7,1,8,Stewjon
2025-07-08 13:13:36,725,tie_fighter,resistance,2,3,6,9,Tund
2025-07-08 13:13:35,726,at-at,resistance,9,2,6,7,Chandrila
2025-07-08 13:13:34,727,unknown,empire,1,10,10,5,Tholoth
2025-07-08 13:13:33,728,tie_silencer,resistance,7,10,1,4,Eriadu
2025-07-08 13:13:32,729,tie_fighter,empire,9,6,1,1,Dorin
2025-07-08 13:13:31,730,resistance_soldier,empire,1,7,3,7,Glee Anselm
2025-07-08 13:13:30,731,stormtrooper,empire,6,8,7,9,Troiken
2025-07-08 13:13:29,732,stormtrooper,resistance,7,7,4,4,Dathomir
2025-07-08 13:13:28,733,resistance_soldier,resistance,6,10,3,7,Iktotch
2025-07-08 13:13:27,734,tie_silencer,empire,6,7,5,6,Skako
2025-07-08 13:13:26,735,x-wing,resistance,9,4,5,10,Umbara
2025-07-08 13:13:25,736,unknown,resistance,9,6,4,6,Alderaan
2025-07-08 13:13:24,737,x-wing,empire,10,7,3,3,Corellia
2025-07-08 13:13:23,738,tie_fighter,empire,4,7,4,5,Serenno
2025-07-08 13:13:22,739,resistance_soldier,empire,1,1,6,7,Concord Dawn
2025-07-08 13:13:21,740,tie_silencer,empire,1,4,7,2,Dagobah
2025-07-08 13:13:20,741,at-at,empire,2,5,10,7,Muunilinst
2025-07-08 13:13:19,742,at-at,resistance,10,7,7,4,Ojom
2025-07-08 13:13:18,743,at-at,resistance,6,5,2,3,Glee Anselm
2025-07-08 13:13:17,744,tie_silencer,empire,4,4,7,4,Aleen Minor
2025-07-08 13:13:16,745,at-at,empire,1,10,2,6,Concord Dawn
2025-07-08 13:13:15,746,stormtrooper,empire,6,2,1,4,Mirial
2025-07-08 13:13:14,747,at-st,resistance,5,5,6,4,Ryloth
2025-07-08 13:13:13,748,resistance_soldier,empire,10,5,4,8,Tund
2025-07-08 13:13:12,749,tie_silencer,resistance,1,6,8,4,Dorin
2025-07-08 13:13:11,750,at-at,resistance,3,10,10,8,Skako
2025-07-08 13:13:10,751,tie_silencer,empire,1,10,5,10,Stewjon
2025-07-08 13:13:09,752,unknown,empire,2,4,4,10,Vulpter
2025-07-08 13:13:08,753,tie_silencer,resistance,1,3,4,1,Troiken
2025-07-08 13:13:07,754,tie_silencer,empire,9,7,5,6,Quermia
2025-07-08 13:13:06,755,at-at,resistance,3,5,4,5,Vulpter
2025-07-08 13:13:05,756,tie_fighter,empire,5,7,5,4,Muunilinst
2025-07-08 13:13:04,757,at-at,empire,10,5,4,4,Corellia
2025-07-08 13:13:03,758,tie_fighter,resistance,10,2,2,3,Vulpter
2025-07-08 13:13:02,759,tie_fighter,resistance,5,6,8,3,Champala
2025-07-08 13:13:01,760,at-at,resistance,10,8,5,2,Chandrila
2025-07-08 13:13:00,761,tie_fighter,empire,2,2,10,2,Muunilinst
2025-07-08 13:12:59,762,unknown,resistance,6,10,10,3,Mon Cala
2025-07-08 13:12:58,763,at-at,empire,5,8,6,4,Bestine IV
2025-07-08 13:12:57,764,tie_silencer,empire,1,10,3,8,Kalee
2025-07-08 13:12:56,765,unknown,resistance,9,1,8,1,Toydaria
2025-07-08 13:12:55,766,unknown,empire,5,2,3,1,Muunilinst
2025-07-08 13:12:54,767,resistance_soldier,empire,1,3,10,1,Toydaria
2025-07-08 13:12:53,768,resistance_soldier,empire,9,7,1,5,Tund
2025-07-08 13:12:52,769,tie_silencer,resistance,4,8,3,6,Toydaria
2025-07-08 13:12:51,770,tie_fighter,empire,9,6,9,6,Eriadu
2025-07-08 13:12:50,771,x-wing,resistance,10,2,3,7,Kashyyyk
2025-07-08 13:12:49,772,tie_fighter,resistance,5,9,3,3,Haruun Kal
2025-07-08 13:12:48,773,tie_fighter,empire,1,1,6,1,Kalee
2025-07-08 13:12:47,774,x-wing,resistance,8,4,7,1,Kashyyyk
2025-07-08 13:12:46,775,at-at,empire,9,8,7,7,Quermia
2025-07-08 13:12:45,776,stormtrooper,empire,2,6,3,1,Cerea
2025-07-08 13:12:44,777,at-at,resistance,5,3,6,1,Rodia
2025-07-08 13:12:43,778,stormtrooper,empire,4,6,6,6,Dagobah
2025-07-08 13:12:42,779,tie_fighter,empire,9,9,2,7,Aleen Minor
2025-07-08 13:12:41,780,at-st,empire,6,5,8,4,Tund
2025-07-08 13:12:40,781,stormtrooper,empire,3,10,2,6,Serenno
2025-07-08 13:12:39,782,tie_fighter,empire,4,8,1,6,Skako
2025-07-08 13:12:38,783,x-wing,empire,5,1,2,8,Bestine IV
2025-07-08 13:12:37,784,x-wing,resistance,2,5,1,1,Glee Anselm
2025-07-08 13:12:36,785,unknown,empire,5,8,6,2,Tholoth
2025-07-08 13:12:35,786,tie_silencer,empire,5,6,3,6,Skako
2025-07-08 13:12:34,787,at-at,empire,6,1,3,7,Dorin
2025-07-08 13:12:33,788,tie_fighter,resistance,6,1,6,5,Shili
2025-07-08 13:12:32,789,tie_fighter,resistance,1,7,3,4,Naboo
2025-07-08 13:12:31,790,at-at,resistance,7,4,1,5,Kalee
2025-07-08 13:12:30,791,resistance_soldier,empire,4,9,1,2,Kalee
2025-07-08 13:12:29,792,at-at,empire,8,2,7,2,Tund
2025-07-08 13:12:28,793,tie_fighter,empire,9,5,6,2,Bestine IV
2025-07-08 13:12:27,794,tie_fighter,empire,6,8,6,6,Tund
2025-07-08 13:12:26,795,tie_silencer,empire,8,3,6,1,Skako
2025-07-08 13:12:25,796,at-st,empire,5,5,10,9,Zolan
2025-07-08 13:12:24,797,unknown,resistance,10,7,6,3,Vulpter
2025-07-08 13:12:23,798,tie_silencer,empire,6,1,9,7,Serenno
2025-07-08 13:12:22,799,resistance_soldier,resistance,7,8,3,6,Haruun Kal
2025-07-08 13:12:21,800,x-wing,empire,9,7,9,4,Tund
2025-07-08 13:12:20,801,stormtrooper,empire,4,5,10,2,Stewjon
2025-07-08 13:12:19,802,tie_fighter,empire,10,7,4,9,Tund
2025-07-08 13:12:18,803,unknown,resistance,8,2,5,10,Eriadu
2025-07-08 13:12:17,804,x-wing,resistance,3,4,5,10,Kalee
2025-07-08 13:12:16,805,resistance_soldier,resistance,4,9,6,8,Iridonia
2025-07-08 13:12:15,806,stormtrooper,empire,7,7,6,3,Iktotch
2025-07-08 13:12:14,807,stormtrooper,empire,10,8,7,4,Shili
2025-07-08 13:12:13,808,resistance_soldier,resistance,6,7,5,3,Champala
2025-07-08 13:12:12,809,tie_fighter,resistance,6,4,7,7,Naboo
2025-07-08 13:12:11,810,x-wing,resistance,1,6,2,8,Iridonia
2025-07-08 13:12:10,811,at-at,resistance,5,1,8,2,Cerea
2025-07-08 13:12:09,812,at-st,empire,10,8,5,10,Stewjon
2025-07-08 13:12:08,813,stormtrooper,resistance,4,5,9,2,Glee Anselm
2025-07-08 13:12:07,814,at-st,empire,1,6,2,1,Serenno
2025-07-08 13:12:06,815,at-st,resistance,7,8,7,8,Corellia
2025-07-08 13:12:05,816,at-st,resistance,10,8,9,9,Socorro
2025-07-08 13:12:04,817,unknown,empire,7,4,1,3,Corellia
2025-07-08 13:12:03,818,tie_fighter,resistance,7,10,3,8,Chandrila
2025-07-08 13:12:02,819,at-st,resistance,1,10,10,4,Iridonia
2025-07-08 13:12:01,820,resistance_soldier,empire,3,7,2,8,Shili
2025-07-08 13:12:00,821,tie_silencer,resistance,7,2,4,10,Mirial
2025-07-08 13:11:59,822,x-wing,empire,3,6,2,7,Tholoth
2025-07-08 13:11:58,823,stormtrooper,resistance,5,5,2,9,Chandrila
2025-07-08 13:11:57,824,at-st,empire,3,4,9,5,Rodia
2025-07-08 13:11:56,825,unknown,resistance,8,2,3,2,Iktotch
2025-07-08 13:11:55,826,tie_fighter,resistance,9,7,7,9,Mon Cala
2025-07-08 13:11:54,827,tie_silencer,resistance,9,2,1,2,Skako
2025-07-08 13:11:53,828,at-at,empire,2,5,8,5,Ojom
2025-07-08 13:11:52,829,x-wing,resistance,10,3,1,6,Kashyyyk
2025-07-08 13:11:51,830,tie_fighter,empire,2,10,10,8,Zolan
2025-07-08 13:11:50,831,unknown,empire,5,8,5,4,Skako
2025-07-08 13:11:49,832,tie_silencer,resistance,5,5,9,4,Kashyyyk
2025-07-08 13:11:48,833,x-wing,resistance,5,3,9,2,Umbara
2025-07-08 13:11:47,834,tie_silencer,empire,6,8,4,1,Zolan
2025-07-08 13:11:46,835,tie_fighter,empire,5,8,10,8,Ojom
2025-07-08 13:11:45,836,unknown,resistance,8,4,6,7,Dathomir
2025-07-08 13:11:44,837,at-at,resistance,1,2,4,6,Eriadu
2025-07-08 13:11:43,838,at-at,resistance,6,4,6,2,Troiken
2025-07-08 13:11:42,839,tie_silencer,resistance,6,10,8,4,Dorin
2025-07-08 13:11:41,840,x-wing,empire,1,6,9,4,Eriadu
2025-07-08 13:11:40,841,at-st,resistance,6,7,6,8,Sullust
2025-07-08 13:11:39,842,at-st,empire,8,4,1,4,Eriadu
2025-07-08 13:11:38,843,at-at,empire,2,1,9,3,Aleen Minor
2025-07-08 13:11:37,844,at-st,resistance,4,10,3,5,Sullust
2025-07-08 13:11:36,845,unknown,resistance,10,2,7,9,Malastare
2025-07-08 13:11:35,846,stormtrooper,resistance,2,8,8,6,Kashyyyk
2025-07-08 13:11:34,847,unknown,empire,3,10,5,1,Champala
2025-07-08 13:11:33,848,x-wing,resistance,6,5,7,1,Chandrila
2025-07-08 13:11:32,849,tie_silencer,resistance,4,7,5,9,Ryloth
2025-07-08 13:11:31,850,x-wing,empire,9,10,5,8,Dagobah
2025-07-08 13:11:30,851,at-st,resistance,3,4,2,8,Vulpter
2025-07-08 13:11:29,852,resistance_soldier,empire,6,4,7,4,Stewjon
2025-07-08 13:11:28,853,unknown,resistance,7,3,2,6,Alderaan
2025-07-08 13:11:27,854,tie_fighter,empire,4,1,1,4,Vulpter
2025-07-08 13:11:26,855,stormtrooper,resistance,8,3,4,1,Mirial
2025-07-08 13:11:25,856,tie_silencer,resistance,3,10,10,7,Haruun Kal
2025-07-08 13:11:24,857,at-at,empire,1,8,1,5,Cerea
2025-07-08 13:11:23,858,at-st,resistance,6,9,1,9,Mirial
2025-07-08 13:11:22,859,tie_silencer,resistance,2,6,10,3,Shili
2025-07-08 13:11:21,860,tie_fighter,resistance,10,2,2,6,Troiken
2025-07-08 13:11:20,861,x-wing,resistance,9,6,1,6,Ryloth
2025-07-08 13:11:19,862,stormtrooper,empire,1,7,6,7,Naboo
2025-07-08 13:11:18,863,tie_silencer,empire,1,10,5,7,Tund
2025-07-08 13:11:17,864,at-st,resistance,2,5,3,2,Dathomir
2025-07-08 13:11:16,865,resistance_soldier,empire,4,4,6,2,Skako
2025-07-08 13:11:15,866,tie_fighter,empire,7,1,4,2,Dorin
2025-07-08 13:11:14,867,tie_fighter,resistance,6,7,2,4,Vulpter
2025-07-08 13:11:13,868,resistance_soldier,resistance,2,2,1,8,Sullust
2025-07-08 13:11:12,869,at-at,empire,8,8,5,8,Ryloth
2025-07-08 13:11:11,870,resistance_soldier,empire,3,9,10,2,Mon Cala
2025-07-08 13:11:10,871,x-wing,empire,4,5,1,10,Umbara
2025-07-08 13:11:09,872,x-wing,empire,10,7,1,9,Mirial
2025-07-08 13:11:08,873,tie_silencer,empire,5,6,7,7,Ojom
2025-07-08 13:11:07,874,resistance_soldier,empire,7,3,4,4,Mirial
2025-07-08 13:11:06,875,stormtrooper,empire,2,2,3,8,Zolan
2025-07-08 13:11:05,876,unknown,resistance,1,3,5,10,Mon Cala
2025-07-08 13:11:04,877,at-at,empire,8,9,4,5,Trandosha
2025-07-08 13:11:03,878,at-at,resistance,7,10,8,8,Champala
2025-07-08 13:11:02,879,tie_fighter,resistance,4,2,7,10,Ojom
2025-07-08 13:11:01,880,at-at,resistance,2,8,9,6,Troiken
2025-07-08 13:11:00,881,tie_silencer,empire,8,7,9,10,Dathomir
2025-07-08 13:10:59,882,resistance_soldier,resistance,6,6,9,8,Malastare
2025-07-08 13:10:58,883,tie_fighter,resistance,7,2,1,10,Kashyyyk
2025-07-08 13:10:57,884,tie_fighter,empire,8,1,6,2,Dorin
2025-07-08 13:10:56,885,at-at,empire,1,6,8,6,Concord Dawn
2025-07-08 13:10:55,886,stormtrooper,empire,4,1,6,8,Champala
2025-07-08 13:10:54,887,unknown,empire,9,2,6,4,Zolan
2025-07-08 13:10:53,888,tie_fighter,empire,4,1,9,2,Serenno
2025-07-08 13:10:52,889,x-wing,empire,10,9,10,1,Muunilinst
2025-07-08 13:10:51,890,resistance_soldier,empire,2,10,8,10,Zolan
2025-07-08 13:10:50,891,tie_silencer,empire,9,8,4,4,Iktotch
2025-07-08 13:10:49,892,x-wing,resistance,2,7,6,4,Trandosha
2025-07-08 13:10:48,893,at-at,empire,3,1,9,10,Ojom
2025-07-08 13:10:47,894,stormtrooper,resistance,3,6,7,10,Mirial
2025-07-08 13:10:46,895,at-st,empire,5,1,7,2,Quermia
2025-07-08 13:10:45,896,tie_fighter,empire,2,10,5,7,Ojom
2025-07-08 13:10:44,897,resistance_soldier,empire,1,9,3,9,Champala
2025-07-08 13:10:43,898,tie_silencer,empire,4,6,4,4,Trandosha
2025-07-08 13:10:42,899,tie_silencer,resistance,6,9,2,8,Tund
2025-07-08 13:10:41,900,at-st,empire,2,2,5,1,Vulpter
2025-07-08 13:10:40,901,stormtrooper,resistance,1,10,5,8,Bestine IV
2025-07-08 13:10:39,902,tie_fighter,resistance,3,2,3,8,Haruun Kal
2025-07-08 13:10:38,903,at-at,empire,4,2,2,2,Champala
2025-07-08 13:10:37,904,tie_fighter,resistance,4,2,2,9,Kashyyyk
2025-07-08 13:10:36,905,at-at,resistance,6,1,3,1,Haruun Kal
2025-07-08 13:10:35,906,x-wing,empire,4,4,1,7,Mirial
2025-07-08 13:10:34,907,at-st,empire,6,3,2,3,Chandrila
2025-07-08 13:10:33,908,x-wing,empire,6,1,8,10,Socorro
2025-07-08 13:10:32,909,at-st,empire,1,5,1,7,Ojom
2025-07-08 13:10:31,910,tie_fighter,resistance,8,4,3,1,Alderaan
2025-07-08 13:10:30,911,at-at,empire,4,4,1,3,Tund
2025-07-08 13:10:29,912,at-st,empire,3,9,9,9,Toydaria
2025-07-08 13:10:28,913,resistance_soldier,resistance,4,8,5,3,Concord Dawn
2025-07-08 13:10:27,914,x-wing,resistance,6,3,10,7,Dathomir
2025-07-08 13:10:26,915,tie_fighter,resistance,2,1,1,6,Dorin
2025-07-08 13:10:25,916,resistance_soldier,empire,2,1,7,7,Mirial
2025-07-08 13:10:24,917,unknown,empire,7,9,2,9,Malastare
2025-07-08 13:10:23,918,unknown,empire,8,5,1,2,Socorro
2025-07-08 13:10:22,919,at-st,resistance,1,1,7,3,Mon Cala
2025-07-08 13:10:21,920,at-at,resistance,8,3,6,8,Bestine IV
2025-07-08 13:10:20,921,at-st,empire,3,8,7,10,Rodia
2025-07-08 13:10:19,922,at-at,empire,4,3,7,6,Skako
2025-07-08 13:10:18,923,resistance_soldier,empire,6,4,1,10,Ryloth
2025-07-08 13:10:17,924,at-st,resistance,8,9,1,2,Mirial
2025-07-08 13:10:16,925,at-at,resistance,7,8,6,2,Iridonia
2025-07-08 13:10:15,926,unknown,resistance,5,6,7,7,Sullust
2025-07-08 13:10:14,927,resistance_soldier,resistance,10,6,9,9,Iridonia
2025-07-08 13:10:13,928,tie_fighter,resistance,7,5,3,9,Malastare
2025-07-08 13:10:12,929,at-st,empire,4,5,6,10,Aleen Minor
2025-07-08 13:10:11,930,tie_fighter,resistance,7,3,3,8,Tholoth
2025-07-08 13:10:10,931,stormtrooper,empire,5,5,6,8,Corellia
2025-07-08 13:10:09,932,resistance_soldier,empire,2,4,8,5,Iktotch
2025-07-08 13:10:08,933,tie_fighter,resistance,10,10,4,5,Haruun Kal
2025-07-08 13:10:07,934,at-at,resistance,3,8,6,10,Naboo
2025-07-08 13:10:06,935,tie_fighter,empire,9,5,8,5,Vulpter
2025-07-08 13:10:05,936,unknown,resistance,7,3,8,2,Dathomir
2025-07-08 13:10:04,937,at-at,resistance,8,7,1,10,Kashyyyk
2025-07-08 13:10:03,938,unknown,empire,8,10,3,9,Trandosha
2025-07-08 13:10:02,939,tie_silencer,empire,10,4,10,10,Serenno
2025-07-08 13:10:01,940,stormtrooper,resistance,7,8,5,7,Haruun Kal
2025-07-08 13:10:00,941,stormtrooper,empire,5,7,10,1,Toydaria
2025-07-08 13:09:59,942,unknown,empire,9,4,1,3,Zolan
2025-07-08 13:09:58,943,at-at,resistance,2,3,10,3,Iridonia
2025-07-08 13:09:57,944,tie_silencer,empire,1,4,8,5,Muunilinst
2025-07-08 13:09:56,945,unknown,empire,2,9,9,6,Toydaria
2025-07-08 13:09:55,946,resistance_soldier,resistance,9,9,10,4,Vulpter
2025-07-08 13:09:54,947,unknown,empire,10,9,6,10,Muunilinst
2025-07-08 13:09:53,948,at-st,empire,4,2,3,8,Tatooine
2025-07-08 13:09:52,949,tie_fighter,resistance,10,4,5,3,Alderaan
2025-07-08 13:09:51,950,unknown,resistance,2,1,4,2,Aleen Minor
2025-07-08 13:09:50,951,unknown,resistance,7,7,3,3,Tholoth
2025-07-08 13:09:49,952,tie_fighter,resistance,9,3,3,8,Eriadu
2025-07-08 13:09:48,953,x-wing,empire,1,7,1,1,Corellia
2025-07-08 13:09:47,954,stormtrooper,resistance,1,9,10,1,Kalee
2025-07-08 13:09:46,955,at-st,empire,9,6,4,8,Mirial
2025-07-08 13:09:45,956,tie_silencer,resistance,3,10,6,9,Naboo
2025-07-08 13:09:44,957,unknown,resistance,7,6,10,10,Vulpter
2025-07-08 13:09:43,958,at-st,resistance,2,6,9,5,Iktotch
2025-07-08 13:09:42,959,x-wing,empire,4,7,10,1,Bestine IV
2025-07-08 13:09:41,960,at-st,resistance,7,9,8,1,Malastare
2025-07-08 13:09:40,961,x-wing,empire,1,5,8,4,Muunilinst
2025-07-08 13:09:39,962,resistance_soldier,resistance,7,3,7,2,Iridonia
2025-07-08 13:09:38,963,unknown,resistance,1,1,5,8,Socorro
2025-07-08 13:09:37,964,at-at,empire,7,7,5,8,Dorin
2025-07-08 13:09:36,965,at-at,empire,4,7,8,8,Skako
2025-07-08 13:09:35,966,resistance_soldier,empire,10,5,10,5,Troiken
2025-07-08 13:09:34,967,resistance_soldier,resistance,7,3,3,7,Ryloth
2025-07-08 13:09:33,968,at-st,empire,3,9,8,10,Quermia
2025-07-08 13:09:32,969,resistance_soldier,resistance,1,1,4,10,Dathomir
2025-07-08 13:09:31,970,at-st,empire,5,1,5,4,Corellia
2025-07-08 13:09:30,971,unknown,empire,9,6,7,3,Concord Dawn
2025-07-08 13:09:29,972,tie_silencer,resistance,5,7,10,7,Dathomir
2025-07-08 13:09:28,973,unknown,empire,10,4,6,7,Trandosha
2025-07-08 13:09:27,974,at-at,resistance,5,2,7,9,Dorin
2025-07-08 13:09:26,975,tie_fighter,resistance,10,2,7,10,Kashyyyk
2025-07-08 13:09:25,976,tie_fighter,resistance,4,9,9,9,Haruun Kal
2025-07-08 13:09:24,977,x-wing,empire,4,2,4,6,Shili
2025-07-08 13:09:23,978,tie_fighter,resistance,8,4,3,9,Skako
2025-07-08 13:09:22,979,x-wing,empire,7,6,8,9,Mirial
2025-07-08 13:09:21,980,tie_fighter,resistance,1,4,1,4,Naboo
2025-07-08 13:09:20,981,tie_silencer,empire,5,7,6,2,Quermia
2025-07-08 13:09:19,982,at-at,empire,3,1,3,5,Vulpter
2025-07-08 13:09:18,983,x-wing,resistance,10,1,10,3,Mirial
2025-07-08 13:09:17,984,unknown,empire,2,9,6,6,Tholoth
2025-07-08 13:09:16,985,resistance_soldier,resistance,7,2,7,6,Ryloth
2025-07-08 13:09:15,986,unknown,resistance,4,10,4,1,Aleen Minor
2025-07-08 13:09:14,987,at-st,resistance,5,9,7,8,Glee Anselm
2025-07-08 13:09:13,988,tie_silencer,empire,6,1,9,5,Stewjon
2025-07-08 13:09:12,989,at-at,empire,9,8,2,10,Haruun Kal
2025-07-08 13:09:11,990,tie_silencer,resistance,4,3,5,10,Aleen Minor
2025-07-08 13:09:10,991,x-wing,resistance,6,9,4,3,Iridonia
2025-07-08 13:09:09,992,tie_fighter,empire,7,2,5,1,Iktotch
2025-07-08 13:09:08,993,at-at,empire,1,8,5,4,Tund
2025-07-08 13:09:07,994,unknown,resistance,6,3,1,6,Champala
2025-07-08 13:09:06,995,unknown,resistance,10,8,7,8,Sullust
2025-07-08 13:09:05,996,tie_silencer,resistance,1,9,8,8,Rodia
2025-07-08 13:09:04,997,x-wing,empire,2,4,6,9,Glee Anselm
2025-07-08 13:09:03,998,at-st,empire,5,4,5,5,Dathomir
2025-07-08 13:09:02,999,resistance_soldier,resistance,1,2,1,4,Mirial
2025-07-08 13:09:01,1000,at-at,empire,2,7,10,5,Vulpter
